Wall time,Step,Value
1546100830.5685563,1,0.0
1546101198.035221,100,2.5156314373016357
1546101572.9236493,200,6.227898597717285
1546101947.9680297,300,12.174705505371094
1546102316.93037,400,15.831542015075684
1546102682.5745978,500,20.03038787841797
1546103062.760752,600,22.4764347076416
1546103421.452531,700,23.11481285095215
1546103799.830122,800,25.210662841796875
1546104165.7355654,900,25.740942001342773
1546104542.5339065,1000,27.618606567382812
1546104914.57423,1100,28.307876586914062
1546105289.046936,1200,28.749082565307617
1546105658.9593031,1300,29.08000373840332
1546106027.166843,1400,29.290027618408203
1546106400.1624603,1500,29.57222557067871
1546106767.8671613,1600,29.703645706176758
1546107134.2385561,1700,29.963884353637695
1546107493.563648,1800,29.460599899291992
1546107859.4666317,1900,30.703075408935547
1546108217.0990102,2000,30.94983673095703
1546108582.0660884,2100,30.644044876098633
1546108949.5175526,2200,29.844961166381836
1546109318.3442752,2300,31.056554794311523
1546109695.0806327,2400,30.13457679748535
1546110067.670277,2500,30.617660522460938
1546110447.9337695,2600,30.5670166015625
1546110817.926697,2700,30.396717071533203
1546111183.992987,2800,30.410024642944336
1546111559.3331695,2900,29.361751556396484
1546111928.2809987,3000,30.767976760864258
1546112290.7407346,3100,30.148914337158203
